step,phase_s,dthigh_rad,dcalf_rad
0,0.00,0.275000,-0.600000
1,0.02,-0.300000,0.600000
2,0.04,-0.300000,0.600000
3,0.06,-0.300000,0.600000
4,0.08,-0.300000,0.600000
5,0.10,-0.300000,0.600000
6,0.12,-0.300000,0.600000
7,0.14,-0.300000,0.600000
8,0.16,-0.300000,0.600000
9,0.18,-0.300000,0.600000
10,0.20,-0.300000,0.600000
11,0.22,-0.300000,0.600000
12,0.24,-0.266667,0.533333
13,0.26,-0.233333,0.466667
14,0.28,-0.200000,0.400000
15,0.30,-0.166667,0.333333
16,0.32,-0.133333,0.266667
17,0.34,-0.100000,0.200000
18,0.36,-0.066667,0.133333
19,0.38,-0.033333,0.066667
20,0.40,0.000000,0.000000
21,0.42,0.000000,0.000000
